commit,old_sign,new_sign
e50588cc1ff058e95e993671b891f208c198bf48,"static int Fi(int a, int b, double b)","static int Fi(int a, int b, double b, String j)"
e50588cc1ff058e95e993671b891f208c198bf48,static void Mi(int a),"static void Mi(int a, int b)"
e3e24e70fa1220e3d3053050e730bc12f69608c9,static void Mi(),static void Mi(int a)
99fc8975ff1525148e8d934403e0fb2d51335bf2,static int Fi(),"static int Fi(int a, int b, double b)"
1e0e19925f563a540b178c336597903fd1d28f9e,"     int Fifi(int a,int b, String F)","     int Fifi(int a,int b, String F, double d)"
ab3b8e11737ec9780d89c0ed8720abd2732fa4da,"static int Fi(int a,int b,double c)","static int Fi(int a,int b,double c, String NN)"
536d0e360a9ff372e5628134480ae700594003d0,"     int Fifi(int a,int b)","     int Fifi(int a,int b, String F)"
149197e0efec309c1fb5ab1e2656650cf5f23df4,"static int Fi(int a,int b)","static int Fi(int a,int b,double c)"
4b338fde32dea1f2435d782080715b225432a945,static int Fi(int a),"static int Fi(int a,int b)"
